253.77324478317001	235.79614109950344	491.3224502740471	-0	-0	-0	0.5491318923027889	1.0362541365438	2.149243061061762	4.371962914765456	0.12560305359594923	0.23702262730638698	0.49159681885752227	0	0	0	0	0	0	0	0	0	0	0	0	0	0	0	0.019085433383465623	0.16862844622715953	0	0	0	0.6677449098926933	0.0037306346475123623	0.006233113538361952	0.0012176000176624493	0.0016948196211594027	0	0.7678790948056727	0.0037263532391294124	1.9295513288819147e-5	3.314871064996999e-6	4.308668078373921e-6	0.9180524835174346	0.7609435142934488	0.988027198378768	0.9997148861581204	0.12348843366070571	0.013775746168934108	0.023872035585066752	0.8495844186102681	0.6015608857487487	0.19853231085083195	0.09157289149263993	0.008294319707395945	0.019636256623473108	1.043052242066479	1.3358261920643792	0.31568244744269863	-0.08905111006208918	-0.05486214748661324	-0.016500466314497482	-1.0944988610739548	-0.559633239819351	-0.2624521500202349	-0.0995775909537205	-0.030527596562398368	-0.008929024876711898	-0.7168975360671063	-0.07183925402522037	-0.13020557674077163	4.371962914765456	600	1.219568611111111	1.014508252183456	180	180	0	0	51.074563265887775	20.981933999688543	41.19657209772048	134.02456331301823	341.66890965635656	690.0706062880633	365.58610738685877	1778.4461415659805	0	0	0	0	0	0	0	0	0.3614281654248195	0.14919387317940627	0.28943531591010585	0.18810946541996043	0.37799239647727095	0.19868057784724857	-0.01303416686745839	0.07561626199494682	0	0
253.77324478317001	235.79614109950344	491.3224502740471	-0	-0	-0	0.5491318923027889	1.0362541365438	2.149243061061762	4.371962914765456	0.12560305359594923	0.23702262730638698	0.49159681885752227	0	0	0	0	0	0	0	0	0	0	0	0	0	0	0	0.019085433383465623	0.16862844622715953	0	0	0	0.6677449098926933	0.0037306346475123623	0.006233113538361952	0.0012176000176624493	0.0016948196211594027	0	0.7678790948056727	0.0037263532391294124	1.9295513288819147e-5	3.314871064996999e-6	4.308668078373921e-6	0.9180524835174346	0.7609435142934488	0.988027198378768	0.9997148861581204	0.12348843366070571	0.013775746168934108	0.023872035585066752	0.8495844186102681	0.6015608857487487	0.19853231085083195	0.09157289149263993	0.008294319707395945	0.019636256623473108	1.043052242066479	1.3358261920643792	0.31568244744269863	-0.08905111006208918	-0.05486214748661324	-0.016500466314497482	-1.0944988610739548	-0.559633239819351	-0.2624521500202349	-0.0995775909537205	-0.030527596562398368	-0.008929024876711898	-0.7168975360671063	-0.07183925402522037	-0.13020557674077163	4.371962914765456	600	1.219568611111111	1.014508252183456	180	180	0	0	51.074563265887775	20.981933999688543	41.19657209772048	134.02456331301823	341.66890965635656	690.0706062880633	365.58610738685877	1778.4461415659805	0	0	0	0	0	0	0	0	0.3614281654248195	0.14919387317940627	0.28943531591010585	0.18810946541996043	0.37799239647727095	0.19868057784724857	-0.01303416686745839	0.07561626199494682	0	0
255.91975746595858	238.04946033982674	494.9200001923463	-0	-0	-0	0.6105251935463967	1.268568731535971	2.236439591843232	4.371962914765462	0.13964555634368814	0.29015999363846945	0.5115412997420646	0	0	0	0	0	0	0	0	0	0	0	0	0	0	0	0.01933374831308842	0.17157222416615964	0	0	0	0.7796678840575433	0.03007044217610047	0.03214556980364533	0.009688232908540203	0.01175388912930778	0	0.8808744543525014	0.03358133750206203	7.415390311894373e-5	2.9001360228812273e-5	2.8280459058215215e-5	0.959335937136464	0.876488190917517	0.9953608271385902	0.9999479499129614	0.17521214446653632	0.043082953038294826	0.03824582986156629	1.2933979987270907	0.9954512384065244	0.35877045651786377	0.1583109083829353	0.03960235849005079	0.034473287373987624	1.5408863888290019	1.6384020439132745	0.4678890519137109	-0.029122792700378375	-0.029133088758858894	-0.0034871011379861705	-0.6052251890026973	-0.29914669446343056	-0.10605132834283437	-0.05944094280289591	-0.009312579666763354	0.001290112131990595	-0.33009749744031813	0.12251807943609005	-0.03834652722989362	4.371962914765462	600	1.219568611111111	1.014508252183456	180	180	0	0	55.64279164063282	27.824818964973844	47.401713442857826	139.12549762085592	411.94851835151695	829.92485558046906	454.40675482107224	1830.2183883319112	0	0	0	0	0	0	0	0	0.3963813744623235	0.19712418200313775	0.3345666209562653	0.22279586182148076	0.44681547321216825	0.2448492038320325	-0.0038758189383186143	0.09854159401143253	0	0
257.4105941501325	239.44843723293022	497.4579987444939	-0	-0	-0	0.6478091113719512	1.4120075161401358	2.3165675320421633	4.371962914765467	0.14817351473501755	0.3229687771072691	0.5298689804111556	0	0	0	0	0	0	0	0	0	0	0	0	0	0	0	0.019504352451022725	0.17337472598339765	0	0	0	0.8268468364607484	0.0658651998988545	0.04912762737367288	0.01875644467204407	0.021358944553305097	0	0.9301237223454043	0.06944587790242177	1.3700116852906406e-4	6.0839970065899114e-5	6.435483483169066e-5	0.9760125608067146	0.9258036033244013	0.9973416424931597	0.9999774317214134	0.20601776797278737	0.060495775053024115	0.044147446480232874	1.5933942055613763	1.1704067233293443	0.4220998630333367	0.1876866445376607	0.060154794057576774	0.042923425321464544	1.802434309754391	1.7792244702538083	0.5365075801108538	-0.005070238494449875	-0.01572645119072469	0.003648355268621728	-0.3705323811016845	-0.15928326378682844	-0.023582888999065243	-0.04022881114660859	0.0010972338956043437	0.006653429634855934	-0.11487751795443679	0.21830938654033494	0.012768947576226264	4.371962914765467	600	1.219568611111111	1.014508252183456	180	180	0	0	58.89827095648913	32.498624843486596	50.98292468760703	141.8834982206627	442.39126204973303	900.3604925897994	503.3303132373192	1854.04738555729	0	0	0	0	0	0	0	0	0.41386964957883277	0.22799334740698785	0.3586810129930663	0.23963211638426443	0.4854919962379044	0.27172877961673536	0.0022113960794274213	0.11369964652851997	0	0
259.71933841057813	241.35989583469546	500.1796696627845	-0	-0	-0	0.6777900098371721	1.4846155212013934	2.4621295248673674	4.37196291476547	0.15503105196708494	0.33957642142557787	0.563163405744361	0	0	0	0	0	0	0	0	0	0	0	0	0	0	0	0.019765648236169796	0.1758076583289635	0	0	0	0.8733052523015452	0.11141995905423202	0.06898917008855411	0.032566753235917685	0.03744333987227211	0	0.9659170161538067	0.11856523135696437	2.7869302470751007e-4	1.3820298138147083e-4	1.3716087062534932e-4	0.9888824882907362	0.9655442896879178	0.9988158339327903	0.9999907396243655	0.23980966345408036	0.0767528662571393	0.05086202950720183	1.8790236280292643	1.3557970712105558	0.49356860563671345	0.215885277358616	0.0758699505400559	0.051515836712981586	2.086861207663519	1.9434973678072662	0.6081036722412025	0.02466980427239185	-2.6685940550469356e-4	0.010805183208619562	-0.1406377112874656	-0.002308968451864235	0.04524187858912487	-0.017955435057421143	0.01143545695872139	0.011531315279247778	0.07050909079339562	0.32185643119029983	0.07677033441933889	4.37196291476547	600	1.219568611111111	1.014508252183456	180	180	0	0	61.4432232732173	36.364970999437816	54.494901666359034	144.75948436171186	478.50784411292017	962.466271696807	576.0864812931968	1880.1787872445811	0	0	0	0	0	0	0	0	0.43097556365108813	0.25595988915917645	0.3844914618995033	0.2567956091260559	0.5198483836689243	0.3108079755060754	0.008195188925418944	0.12807423455604372	0	0
263.72662818648547	245.87661350073913	506.0283172745269	-0	-0	-0	0.7398669706824426	1.5905505222921357	2.668823193690512	4.3719629147654775	0.1692299283197677	0.36380695657786916	0.6104404922276617	0	0	0	0	0	0	0	0	0	0	0	0	0	0	0	0.020211160950453864	0.18142701583137982	0	0	0	0.9181481494298583	0.20577253306094168	0.10620884386120572	0.06383632876498226	0.08580227005516199	0	0.9960059173500466	0.23141206269454856	0.0010564667436314412	6.513553483357825e-4	6.475950391953553e-4	0.9993539773069474	0.9968344805313539	0.9999410198153911	0.9999990037790928	0.30633045579539936	0.10905178789602707	0.06251071597780303	2.6143212736232746	1.6972174145263978	0.6137517705103585	0.27488154139053556	0.10796498057588229	0.06439123822406646	2.6166587075696155	2.2635391782138528	0.7617469182718882	0.0865663351822037	0.02701687170627969	0.024415323265048472	0.3195029288581526	0.3116512892287639	0.17464812299835586	0.014242780543063372	0.029334453355303443	0.021030523495519017	0.4342833878923026	0.5173127371551408	0.20027083223759423	4.3719629147654775	600	1.219568611111111	1.014508252183456	180	180	0	0	67.05428155217685	44.14413271361777	60.79364645510341	149.80794599328817	540.2312398321772	1057.3671798127823	698.8145169088513	1929.8941850171918	0	0	0	0	0	0	0	0	0.4624609060764223	0.3088355633255488	0.43184038199072144	0.2882690952075309	0.5651685823193683	0.37609583545252895	0.020238521779090825	0.15743386248490038	0	0
263.72662818648547	245.87661350073913	506.0283172745269	-0	-0	-0	0.7398669706824426	1.5905505222921357	2.668823193690512	4.3719629147654775	0.1692299283197677	0.36380695657786916	0.6104404922276617	0	0	0	0	0	0	0	0	0	0	0	0	0	0	0	0.020211160950453864	0.18142701583137982	0	0	0	0.9181481494298583	0.20577253306094168	0.10620884386120572	0.06383632876498226	0.08580227005516199	0	0.9960059173500466	0.23141206269454856	0.0010564667436314412	6.513553483357825e-4	6.475950391953553e-4	0.9993539773069474	0.9968344805313539	0.9999410198153911	0.9999990037790928	0.30633045579539936	0.10905178789602707	0.06251071597780303	2.6143212736232746	1.6972174145263978	0.6137517705103585	0.27488154139053556	0.10796498057588229	0.06439123822406646	2.6166587075696155	2.2635391782138528	0.7617469182718882	0.0865663351822037	0.02701687170627969	0.024415323265048472	0.3195029288581526	0.3116512892287639	0.17464812299835586	0.014242780543063372	0.029334453355303443	0.021030523495519017	0.4342833878923026	0.5173127371551408	0.20027083223759423	4.3719629147654775	600	1.219568611111111	1.014508252183456	180	180	0	0	67.05428155217685	44.14413271361777	60.79364645510341	149.80794599328817	540.2312398321772	1057.3671798127823	698.8145169088513	1929.8941850171918	0	0	0	0	0	0	0	0	0.4624609060764223	0.3088355633255488	0.43184038199072144	0.2882690952075309	0.5651685823193683	0.37609583545252895	0.020238521779090825	0.15743386248490038	0	0
147.85814764094926	287.01312628658053	436.59806448692984	-0	-0	-0	0.0691896364733002	0.16569404023540202	0.6475839236687345	1.0156328965139596	0.06812465085641198	0.16314363270836005	0.6376161365897932	0	0	0	0	0	0	0	0	0	0	0	0	0	0	0	0.021349972351733467	0.2262712032373646	0	0	0	0.5747785686501785	0.001819480017824008	0.0013506448936306133	6.796469150043179e-4	8.335682552030764e-4	0	0.7750822956336545	0.002891836360664377	2.0828348789042967e-5	4.7995801892587285e-6	5.540253519965185e-6	0.936657154627115	0.7830866621769828	0.9930488753075434	0.9996759459596307	0.45919498808119547	0.013791799993360578	0.15464780530071848	1.861781455305861	1.0330957893192674	0.3248978583740936	0.1764523095822506	0.027491988079670217	0.1269605628025447	1.960477329654539	2.3050160772298622	0.05039539443833732	-0.46440726780071134	-0.1035010302668729	-0.07789808965676698	-1.9775588256211933	-0.3721973226991148	-0.19350534633405003	-0.22889299277921163	-0.04587734784477494	-0.02686967269873001	-0.6609253666399945	0.12887905840187833	-0.34404932185466675	1.0156328965139596	600	1.2153580555555554	1.0336187823580485	97	180	0	0	9.763493052161529	7.834500724611661	42.062488899950964	73.87686135377031	96.0301433254453	235.03096641801287	113.14906072685487	587.1317677669648	0	0	0	0	0	0	0	0	0.1245279920722558	0.10231339447253698	0.5228763465510351	0.15688089187004298	0.39094636223406576	0.18467874888772468	-0.05191252168861217	0.11493021151250861	0	0
147.85814764094926	287.01312628658053	436.59806448692984	-0	-0	-0	0.0691896364733002	0.16569404023540202	0.6475839236687345	1.0156328965139596	0.06812465085641198	0.16314363270836005	0.6376161365897932	0	0	0	0	0	0	0	0	0	0	0	0	0	0	0	0.021349972351733467	0.2262712032373646	0	0	0	0.5747785686501785	0.001819480017824008	0.0013506448936306133	6.796469150043179e-4	8.335682552030764e-4	0	0.7750822956336545	0.002891836360664377	2.0828348789042967e-5	4.7995801892587285e-6	5.540253519965185e-6	0.936657154627115	0.7830866621769828	0.9930488753075434	0.9996759459596307	0.45919498808119547	0.013791799993360578	0.15464780530071848	1.861781455305861	1.0330957893192674	0.3248978583740936	0.1764523095822506	0.027491988079670217	0.1269605628025447	1.960477329654539	2.3050160772298622	0.05039539443833732	-0.46440726780071134	-0.1035010302668729	-0.07789808965676698	-1.9775588256211933	-0.3721973226991148	-0.19350534633405003	-0.22889299277921163	-0.04587734784477494	-0.02686967269873001	-0.6609253666399945	0.12887905840187833	-0.34404932185466675	1.0156328965139596	600	1.2153580555555554	1.0336187823580485	97	180	0	0	9.763493052161529	7.834500724611661	42.062488899950964	73.87686135377031	96.0301433254453	235.03096641801287	113.14906072685487	587.1317677669648	0	0	0	0	0	0	0	0	0.1245279920722558	0.10231339447253698	0.5228763465510351	0.15688089187004298	0.39094636223406576	0.18467874888772468	-0.05191252168861217	0.11493021151250861	0	0
150.75707403724493	289.3548342057803	441.29077415913713	-0	-0	-0	0.10833623629862964	0.1899954548338697	0.6713985306124306	1.0156328965139616	0.10666869561874251	0.1870709933540028	0.661064182655884	0	0	0	0	0	0	0	0	0	0	0	0	0	0	0	0.021902739350229516	0.22855943751030613	0	0	0	0.8158802076842261	0.03200282115137565	0.010092715322708345	0.004857562339959016	0.0063265893981377195	0	0.8889307799984012	0.03202532694738007	1.2442238999010275e-4	5.0619064285577097e-5	5.137471316038744e-5	0.9672719886370857	0.8857953065582593	0.9983227617345135	0.9999072428554416	0.5651935401727093	0.07214837533047053	0.17021236995987662	3.0125464935583413	1.6019020956300705	0.477399827422644	0.25353556059605403	0.10216520887161594	0.1507129153428315	2.7746885942939885	2.8417758428363364	0.17031970082917344	-0.32745978815922505	-0.015377818668177556	-0.046403968644051385	-1.2381040093863092	0.16033821962164452	0.07093381873225213	-0.14506023381029298	0.0060776819936172455	-0.00932084831677632	0.02731800501908266	0.49927097865420245	-0.24037711562559172	1.0156328965139616	600	1.2153580555555554	1.0336187823580485	97	180	0	0	13.175998648982448	11.932586458934246	46.39251467236257	76.98196145713156	140.33853391024596	265.71560281597687	151.03125369071074	600.1177332991357	0	0	0	0	0	0	0	0	0.16848248764754276	0.1514237045937084	0.5860922065440146	0.2326014920087728	0.4382022124754187	0.24915026825648756	-0.008505056096289255	0.14032132329829963	0	0
152.51774186265425	291.15827481023064	444.00700977129077	-0	-0	-0	0.11833207660941622	0.20947329251840857	0.6912595232807328	1.0156328965139625	0.1165106772492079	0.20624902288750216	0.6806194695479029	0	0	0	0	0	0	0	0	0	0	0	0	0	0	0	0.02223175572587824	0.23030619971496646	0	0	0	0.8788565094707887	0.0645083988523277	0.01718329086109447	0.008850576358213867	0.012299760964553246	0	0.9353721725264933	0.06415154800742187	2.4517003327791933e-4	1.1298967810807414e-4	1.1364113711411324e-4	0.9819153290474127	0.928540820835839	0.9991219733413789	0.9999586616783918	0.6151097479780965	0.10814667904705608	0.1785229528499349	3.668369367333133	1.8713639775266593	0.5469851162685362	0.2875841291025028	0.13125845145492354	0.16197438852732138	3.1180852034877335	3.1878028418187947	0.27573245239517713	-0.25646751033325554	0.03379149179569274	-0.03154611761912618	-0.869459469472504	0.4597394596336213	0.16251549398870546	-0.08922873753452398	0.030024583185502163	-6.790962557091662e-4	0.2969401631317723	0.6894387347513011	-0.18578896597460615	1.0156328965139625	600	1.2153580555555554	1.0336187823580485	97	180	0	0	15.065769725885048	14.436433603221218	48.77480586713743	78.52884265548971	152.8896445401494	283.8437099512862	171.9491207390817	607.4617249424191	0	0	0	0	0	0	0	0	0.19282375307698607	0.18601080212567075	0.617985888941707	0.2523537702480926	0.4688654521413945	0.28368880291726195	0.01453589211145289	0.15517522431729464	0	0
154.4088893224004	292.9515829100021	446.62566670350805	-0	-0	-0	0.12517973413901343	0.23335891547379167	0.7063977035119241	1.0156328965139634	0.12325293378018548	0.22976699186760072	0.6955246388104885	0	0	0	0	0	0	0	0	0	0	0	0	0	0	0	0.02257981521473347	0.23203010896963783	0	0	0	0.9247768930597784	0.10489187880839411	0.029293298556611627	0.015582936533322262	0.022937192362233867	0	0.9670570060439152	0.11048509234937146	4.986157675067697e-4	2.2512271341210916e-4	2.58813208528484e-4	0.9927710805686604	0.9609809922522577	0.9996220161561371	0.9999822856018379	0.6661751714017378	0.14259432725462234	0.18681750623725946	4.144478378045964	2.172582351174018	0.6123683447359285	0.32131972228904093	0.16498092199685283	0.17435612634864245	3.4016995380522985	3.4773441361463284	0.3800614468390131	-0.18870239803542793	0.08502202004704817	-0.017253362998622623	-0.4662802864736456	0.717968265998828	0.2542762101094731	-0.043877780230248076	0.05685135632905336	0.008334456841504467	0.535015602512134	0.8925372590690177	-0.12282057723552897	1.0156328965139634	600	1.2153580555555554	1.0336187823580485	97	180	0	0	16.847367690992073	17.935051765859356	50.83071743400576	80.47876378673041	162.83147599950433	311.1526090954828	186.49895084669333	614.463284945111	0	0	0	0	0	0	0	0	0.2132352191853526	0.22654539900781187	0.651454728548728	0.2677749384690774	0.5115311879788831	0.3085910871535661	0.044781066458911015	0.1725889451986488	0	0
158.7205591799118	296.9985447423178	452.611175385741	-0	-0	-0	0.1372319924765014	0.27672704949304405	0.7231508553926449	1.0156328965139652	0.1351196804943341	0.2724675918266102	0.7120199216417392	0	0	0	0	0	0	0	0	0	0	0	0	0	0	0	0.023353976506570444	0.23587416376232712	0	0	0	0.9690310296944373	0.20081504859254973	0.20534742067534986	0.07874367853514136	0.11961731967670174	0	0.9961226148866578	0.22373676569479556	0.0011813595319684535	6.166805002259949e-4	7.30788567411728e-4	0.9990741287142774	0.9950709871864294	0.9999560606785095	0.999998499360526	0.7589908649151746	0.21191035085927465	0.2021722728714683	5.070821545784741	2.752384174281032	0.7594884036699744	0.42030742251666064	0.22423308273062156	0.19340753834504607	4.017454514935768	4.0849071845975145	0.5712523947941489	-0.03383168136351318	0.18002667787139937	0.008306187404447517	0.37114538239963735	1.2827443552304794	0.39866698763921715	0.0695291064914322	0.10559381102277378	0.025964477917281212	1.0100133999674856	1.2933955826552097	-0.01970402408185949	1.0156328965139652	600	1.2153580555555554	1.0336187823580485	97	180	0	0	20.357214814487097	24.40224696380642	55.31585496451265	83.95529263728041	181.54214554891075	360.9292317686121	211.27715706405897	624.6531601286264	0	0	0	0	0	0	0	0	0.2516578396702628	0.30070969155076904	0.7085742317837581	0.2979673295383022	0.5899861238581698	0.35000247593182304	0.09812246941756043	0.2107779007334226	0	0
158.7205591799118	296.9985447423178	452.611175385741	-0	-0	-0	0.1372319924765014	0.27672704949304405	0.7231508553926449	1.0156328965139652	0.1351196804943341	0.2724675918266102	0.7120199216417392	0	0	0	0	0	0	0	0	0	0	0	0	0	0	0	0.023353976506570444	0.23587416376232712	0	0	0	0.9690310296944373	0.20081504859254973	0.20534742067534986	0.07874367853514136	0.11961731967670174	0	0.9961226148866578	0.22373676569479556	0.0011813595319684535	6.166805002259949e-4	7.30788567411728e-4	0.9990741287142774	0.9950709871864294	0.9999560606785095	0.999998499360526	0.7589908649151746	0.21191035085927465	0.2021722728714683	5.070821545784741	2.752384174281032	0.7594884036699744	0.42030742251666064	0.22423308273062156	0.19340753834504607	4.017454514935768	4.0849071845975145	0.5712523947941489	-0.03383168136351318	0.18002667787139937	0.008306187404447517	0.37114538239963735	1.2827443552304794	0.39866698763921715	0.0695291064914322	0.10559381102277378	0.025964477917281212	1.0100133999674856	1.2933955826552097	-0.01970402408185949	1.0156328965139652	600	1.2153580555555554	1.0336187823580485	97	180	0	0	20.357214814487097	24.40224696380642	55.31585496451265	83.95529263728041	181.54214554891075	360.9292317686121	211.27715706405897	624.6531601286264	0	0	0	0	0	0	0	0	0.2516578396702628	0.30070969155076904	0.7085742317837581	0.2979673295383022	0.5899861238581698	0.35000247593182304	0.09812246941756043	0.2107779007334226	0	0
174.884171236267	244.4491016557225	426.7748235669108	-0	-0	-0	0.1536773310776969	0.9911669899317761	1.9549331131308354	3.4717957236721935	0.044264508429991474	0.2854911604313499	0.5630899018053561	0	0	0	0	0	0	0	0	0	0	0	0	0	0	0	0.026338959209456916	0.18135121435070223	0	0	0	0.42050361750576143	0.0012982494608999597	0.05172530607421686	0.002153935577395229	0.0022444247984913777	0	0.7857251770128812	0.005162748302536388	1.6339138433066026e-5	2.8427880167573837e-6	2.701277396075406e-6	0.8720783773057096	0.7516617097433629	0.8946870873555819	0.9998411265553487	0.40255577748452975	0.3491265044968978	0.027224827288271906	2.718495317381641	1.8362351297588047	1.1026674193318111	0.002100615186681188	0.09528509992069617	0.028182701597901927	0.6267635781932261	2.8856524242906536	1.0149835510809617	-0.1550882854516791	-0.2502353453418055	-0.07781605950492512	-0.954228844131811	-0.6551467628422626	-0.14234466149090727	-0.36372180431976875	-0.17472022452241617	-0.02252942150957183	-1.8582249517816225	0.1309056163544828	-0.2762794197542826	3.4717957236721935	600	1.4087572222222222	1.1430896854259505	96	179	0	0	30.363576215216856	87.07999336063577	24.24120049588039	207.82552288001267	269.4630913702873	1406.456210189593	1128.3352666549088	3396.7625157906996	0	0	0	0	0	0	0	0	0.13847544175140736	0.3815688797451393	0.11173126263447002	0.07856039937692282	0.407960730189606	0.3256951205239901	0.04026354511558818	0.09653088938336024	0	0
174.884171236267	244.4491016557225	426.7748235669108	-0	-0	-0	0.1536773310776969	0.9911669899317761	1.9549331131308354	3.4717957236721935	0.044264508429991474	0.2854911604313499	0.5630899018053561	0	0	0	0	0	0	0	0	0	0	0	0	0	0	0	0.026338959209456916	0.18135121435070223	0	0	0	0.42050361750576143	0.0012982494608999597	0.05172530607421686	0.002153935577395229	0.0022444247984913777	0	0.7857251770128812	0.005162748302536388	1.6339138433066026e-5	2.8427880167573837e-6	2.701277396075406e-6	0.8720783773057096	0.7516617097433629	0.8946870873555819	0.9998411265553487	0.40255577748452975	0.3491265044968978	0.027224827288271906	2.718495317381641	1.8362351297588047	1.1026674193318111	0.002100615186681188	0.09528509992069617	0.028182701597901927	0.6267635781932261	2.8856524242906536	1.0149835510809617	-0.1550882854516791	-0.2502353453418055	-0.07781605950492512	-0.954228844131811	-0.6551467628422626	-0.14234466149090727	-0.36372180431976875	-0.17472022452241617	-0.02252942150957183	-1.8582249517816225	0.1309056163544828	-0.2762794197542826	3.4717957236721935	600	1.4087572222222222	1.1430896854259505	96	179	0	0	30.363576215216856	87.07999336063577	24.24120049588039	207.82552288001267	269.4630913702873	1406.456210189593	1128.3352666549088	3396.7625157906996	0	0	0	0	0	0	0	0	0.13847544175140736	0.3815688797451393	0.11173126263447002	0.07856039937692282	0.407960730189606	0.3256951205239901	0.04026354511558818	0.09653088938336024	0	0
178.7275175175973	248.5662709661788	430.1850127294805	-0	-0	-0	0.19647663210580366	1.07194203221472	2.06706021866765	3.4717957236722006	0.05659222135857273	0.3087572304170307	0.5953864752391793	0	0	0	0	0	0	0	0	0	0	0	0	0	0	0	0.026940093878288468	0.18635540938495782	0	0	0	0.5121018838108441	0.015383858756399811	0.14697316436636987	0.0363058971069938	0.023038539640082845	0	0.8825516188499847	0.0379701856707981	7.657757177783792e-5	2.4657823774184718e-5	2.5862423945725013e-5	0.9705252034184032	0.8765961875563113	0.9823927163399522	0.9999554507846603	0.5770371325455401	0.41893413225626086	0.07953109176191396	4.000126073683992	2.319596992136205	1.4340986701872378	0.034549904546971516	0.13198362917024425	0.04754040726418177	1.5731329081198449	3.295356576998801	1.2113319651549843	0.0434256625527224	-0.17406942543328813	-0.03581996204622173	-0.040134244992889645	-0.2870160588050791	0.007152053519957624	-0.24757909574256387	-0.1323914451894988	-0.001502427775002091	-1.1166068811630492	0.38866650218260257	-0.1616416474570319	3.4717957236722006	600	1.4087572222222222	1.1430896854259505	96	179	0	0	41.3096761451135	104.61472001536754	54.395654597815906	221.0084197606097	350.602273700423	1519.5480367040227	1421.63855753578	3435.8477268467086	0	0	0	0	0	0	0	0	0.1837227567975535	0.4564333629755291	0.2414075348644745	0.10148195683624288	0.43904521436040445	0.41117902551938557	0.10524517804474307	0.14178213247361793	0	0
181.5059594774318	251.15333960844384	432.3083705079764	-0	-0	-0	0.22330109012655608	1.1229915538465756	2.1139516945343635	3.4717957236722037	0.06431861431362233	0.3234612987709887	0.608892879301776	0	0	0	0	0	0	0	0	0	0	0	0	0	0	0	0.027366445545316538	0.1894322317781721	0	0	0	0.5657500667367894	0.034942993563908	0.2090862847557992	0.07460583712357012	0.0515970631151358	0	0.9306627260423208	0.06900160140710287	1.4943214444439534e-4	5.677934387957545e-5	5.965665262860764e-5	0.9832982588091173	0.9312053360899848	0.990273051347027	0.9999795702507316	0.6503275910175661	0.4613704511859371	0.09076132974460352	4.770931744478473	2.545400473821626	1.5154932958344802	0.08255023373205468	0.15288177322111418	0.058494772663781	2.079037376266455	3.4970157186135373	1.3255029880821942	0.13488977910476718	-0.13150832699058113	-0.015734368978914892	0.4519630734813873	-0.11514764740881045	0.09037333783497559	-0.18282245670014485	-0.10823699403066955	0.008700154827857132	-0.686957388490129	0.5012283942160631	-0.09919102265172697	3.4717957236722037	600	1.4087572222222222	1.1430896854259505	96	179	0	0	48.16651749104484	113.66506135659833	66.19529032265355	228.29258258428774	393.2035688360673	1580.591445984248	1479.6278780608354	3456.5160762931027	0	0	0	0	0	0	0	0	0.2094904416151732	0.4984697446810414	0.2882436437452617	0.11339693789414088	0.4559479126288646	0.4269508422773908	0.14065651234245494	0.17303062689002974	0	0
184.2735510888413	253.79810990184217	435.23975841367474	-0	-0	-0	0.25054465391328495	1.1725527175099142	2.1626788632349627	3.4717957236722072	0.07216572455716881	0.3377366673721457	0.6229280278470551	0	0	0	0	0	0	0	0	0	0	0	0	0	0	0	0.027784628922410126	0.19252685732367894	0	0	0	0.6285731860802996	0.06991663840085369	0.28170487031549873	0.13306780986268948	0.09143332012619407	0	0.9615942542570625	0.11709075260348509	2.3675219468119728e-4	1.1161339196843551e-4	1.2044240617795753e-4	0.9920700893842759	0.9697317712242791	0.9954186992353404	0.9999919319269099	0.7373580910798962	0.4980117759585159	0.10000660220681377	5.48678350936572	2.75239344848358	1.5771298556165063	0.1342173479958802	0.1739998939632295	0.07100307059079028	2.5940221842876072	3.704559991337222	1.4356731709248196	0.22566976499367886	-0.09178611278571419	0.005635222909380011	0.9307638728198726	0.05796727603073393	0.1776118636769466	-0.11612614424802448	-0.08468973394841162	0.020515684490944097	-0.27196376583636883	0.65039881148486	-0.04219427350912752	3.4717957236722072	600	1.4087572222222222	1.1430896854259505	96	179	0	0	55.92934126522059	123.93861388179319	75.30122155488638	236.2532649285141	438.356995826305	1635.4643021698396	1539.5241646789825	3483.499101057014	0	0	0	0	0	0	0	0	0.24066051015083928	0.539553636345315	0.328189138215769	0.12624841484623012	0.47286819702840277	0.4445390998600155	0.17337530104860058	0.20224542785653774	0	0
189.56655789883354	258.51568720778414	441.13464410140494	-0	-0	-0	0.4557875488164445	1.2471933064431486	2.2559541720226446	3.471795723672214	0.13128293975036875	0.35923579775712167	0.6497946168435476	0	0	0	0	0	0	0	0	0	0	0	0	0	0	0	0.028567358779281078	0.19792676583679586	0	0	0	0.75424254566573945	0.1360763939794605	0.41589506408595595	0.24711575776705436	0.2028006119501817	0	0.9946064691883659	0.21403694374354346	4.678675869467994e-4	3.0131134005764504e-4	3.0760544348870124e-4	0.998964812496645	0.9965410392575986	0.9995380602639192	0.9999990792081429	0.8973375452815926	0.5712288683277752	0.11908264709873673	6.901462756346523	3.2469036248472265	1.6940297879011372	0.26478949297295645	0.2197861635721163	0.09116174388042136	3.7305766921638988	4.069777763195287	1.638286938439561	0.3870830581762164	-0.0036420486666017228	0.039024539420631395	1.907264771400667	0.4447529124945621	0.296201040358737	0.016929934371865494	-0.04215182490584832	0.06035211983745328	0.3796624949286011	0.952282174873498	0.052991285580185524	3.471795723672214	600	1.4087572222222222	1.1430896854259505	96	179	0	0	96.14569091812137	140.88287366392095	91.68376356042596	248.377464843906	789.9030844249315	1747.9219619146406	1654.8764915580762	3530.417435966725	0	0	0	0	0	0	0	0	0.43863395714939035	0.6179992828448765	0.40566287463172696	0.228701028491591	0.5065425728616476	0.4776484200589001	0.23223687202303564	0.25808831402968135	0	0
189.56655789883354	258.51568720778414	441.13464410140494	-0	-0	-0	0.4557875488164445	1.2471933064431486	2.2559541720226446	3.471795723672214	0.13128293975036875	0.35923579775712167	0.6497946168435476	0	0	0	0	0	0	0	0	0	0	0	0	0	0	0	0.028567358779281078	0.19792676583679586	0	0	0	0.75424254566573945	0.1360763939794605	0.41589506408595595	0.24711575776705436	0.2028006119501817	0	0.9946064691883659	0.21403694374354346	4.678675869467994e-4	3.0131134005764504e-4	3.0760544348870124e-4	0.998964812496645	0.9965410392575986	0.9995380602639192	0.9999990792081429	0.8973375452815926	0.5712288683277752	0.11908264709873673	6.901462756346523	3.2469036248472265	1.6940297879011372	0.26478949297295645	0.2197861635721163	0.09116174388042136	3.7305766921638988	4.069777763195287	1.638286938439561	0.3870830581762164	-0.0036420486666017228	0.039024539420631395	1.907264771400667	0.4447529124945621	0.296201040358737	0.016929934371865494	-0.04215182490584832	0.06035211983745328	0.3796624949286011	0.952282174873498	0.052991285580185524	3.471795723672214	600	1.4087572222222222	1.1430896854259505	96	179	0	0	96.14569091812137	140.88287366392095	91.68376356042596	248.377464843906	789.9030844249315	1747.9219619146406	1654.8764915580762	3530.417435966725	0	0	0	0	0	0	0	0	0.43863395714939035	0.6179992828448765	0.40566287463172696	0.228701028491591	0.5065425728616476	0.4776484200589001	0.23223687202303564	0.25808831402968135	0	0
291.14381714822093	254.46740195381682	553.1945840234972	-0	-0	-0	0.5014068687997837	0.9406062010467497	2.3933739209359564	4.73230628764372	0.10595401867985184	0.19876274777537456	0.5057521165071597	0	0	0	0	0	0	0	0	0	0	0	0	0	0	0	0.0230292249027977	0.1916608722617739	0	0	0	0.7416979317024006	0.002472120071661262	0.0030515804372282375	2.875412483162001e-4	3.115512454007495e-4	0	0.7636932340369834	0.003679358812125303	2.7320038246479452e-5	4.40058948472688e-6	4.435168722537601e-6	0.7352091280497277	0.6613155482713848	0.9845499148928336	0.9990250508427383	0.19773816700039504	0.1828658768054889	0.06981461117089481	1.1634995830767683	2.5292159575621374	0.8452157136756742	0.23107471684986194	0.07708189213401861	0.05158765764783837	1.528860086852262	3.493861268700247	1.180210642289306	-0.21517648133446457	-0.1326682940341538	-0.03663847500757244	-1.4540915418605773	-1.0557593955182283	-0.3338738153870312	-0.08243853795189576	-0.04833298406351721	0.0030039186775865034	-0.8395932561727804	-0.4348685490179076	-0.1017521100428043	4.73230628764372	600	1.3934991666666665	1.1073817999023086	180	180	0	0	71.63062333687624	63.213374441220566	89.81581310857429	306.4426709679284	506.9768186461607	1556.233663961947	1469.136282539459	4496.53661959709	0	0	0	0	0	0	0	0	0.22669020858856456	0.20215532760225374	0.28445028137332995	0.11235883840470992	0.338976854193733	0.32026094469251537	-0.0193219776189997	0.11567398903367924	0	0
291.14381714822093	254.46740195381682	553.1945840234972	-0	-0	-0	0.5014068687997837	0.9406062010467497	2.3933739209359564	4.73230628764372	0.10595401867985184	0.19876274777537456	0.5057521165071597	0	0	0	0	0	0	0	0	0	0	0	0	0	0	0	0.0230292249027977	0.1916608722617739	0	0	0	0.7416979317024006	0.002472120071661262	0.0030515804372282375	2.875412483162001e-4	3.115512454007495e-4	0	0.7636932340369834	0.003679358812125303	2.7320038246479452e-5	4.40058948472688e-6	4.435168722537601e-6	0.7352091280497277	0.6613155482713848	0.9845499148928336	0.9990250508427383	0.19773816700039504	0.1828658768054889	0.06981461117089481	1.1634995830767683	2.5292159575621374	0.8452157136756742	0.23107471684986194	0.07708189213401861	0.05158765764783837	1.528860086852262	3.493861268700247	1.180210642289306	-0.21517648133446457	-0.1326682940341538	-0.03663847500757244	-1.4540915418605773	-1.0557593955182283	-0.3338738153870312	-0.08243853795189576	-0.04833298406351721	0.0030039186775865034	-0.8395932561727804	-0.4348685490179076	-0.1017521100428043	4.73230628764372	600	1.3934991666666665	1.1073817999023086	180	180	0	0	71.63062333687624	63.213374441220566	89.81581310857429	306.4426709679284	506.9768186461607	1556.233663961947	1469.136282539459	4496.53661959709	0	0	0	0	0	0	0	0	0.22669020858856456	0.20215532760225374	0.28445028137332995	0.11235883840470992	0.338976854193733	0.32026094469251537	-0.0193219776189997	0.11567398903367924	0	0
293.9562751876052	261.6600058062676	557.5148630135199	-0	-0	-0	0.5647384340298074	1.135479190654482	2.7818996047039963	4.732306287643727	0.11933683064943744	0.23994203283487167	0.5878528217769124	0	0	0	0	0	0	0	0	0	0	0	0	0	0	0	0.023299034608772733	0.19982643429593824	0	0	0	0.8394748941020205	0.03115180194192369	0.012782638714268081	0.0037852358306878615	0.0038919278818925047	0	0.8793793584240687	0.03329007646552672	1.2950372763381173e-4	4.403022672408818e-5	4.806619181087046e-5	0.9333676921244697	0.782746083483085	0.9969808541819793	0.9997129941187395	0.292871995196091	0.22998256007642592	0.11184835082305292	2.189864882969961	2.963089123521618	1.1374447265517333	0.3118338770527602	0.11301401275204256	0.10317494519452014	2.2644493910908072	3.902226854650117	1.6056010456517387	-0.14062164018473977	-0.09913175723918471	-0.02159136303283654	-0.8178618138521081	-0.7246864982196147	-0.12272308248546149	-0.028119207576314587	-0.027183935709794993	0.01411538956396896	-0.3381537231553038	-0.1923631596574119	0.0181841172682089	4.732306287643727	600	1.3934991666666665	1.1073817999023086	180	180	0	0	79.30340890388086	73.92230859161252	143.36981859022978	312.8150769667959	605.161721394141	1783.0836049262762	1890.2972021217372	4557.450190742938	0	0	0	0	0	0	0	0	0.250130923238853	0.23581754943571462	0.45397592577779633	0.1319774583445904	0.3892326907734569	0.4108161904718197	2.369098133565631e-4	0.18349864040945493	0	0
295.9443832604793	264.16536000971803	559.9961668658668	-0	-0	-0	0.6068801643999457	1.235934487606148	2.8803655351768205	4.7323062876437305	0.1282419453670059	0.2611695888816896	0.608659997916362	0	0	0	0	0	0	0	0	0	0	0	0	0	0	0	0.023487891539159964	0.20259342195882535	0	0	0	0.886756348382101	0.06612713412987228	0.020781817071524628	0.008648996641909837	0.007857347639300665	0	0.9280814973807721	0.07066086383666774	2.4147292503699563e-4	1.0227805211022732e-4	1.0183800972413448e-4	0.9652076303628632	0.8572254753388153	0.9983782296874744	0.9999247026458826	0.33865557170845584	0.2517820127005552	0.12316941243267426	2.5385902605378172	3.1743190568665725	1.2336324181155414	0.3696355219501505	0.1345977189001799	0.11363105452721062	2.604121200133233	4.1214958092638945	1.7592715128294034	-0.10533362363191268	-0.0819722308424704	-0.012792554797308564	-0.45592413562923895	-0.5330914404920155	0.00668303917210844	-0.001203961525487074	-0.012747032594994767	0.01932052345424684	-0.14051308115555394	-0.069291246427724	0.08882685443117833	4.7323062876437305	600	1.3934991666666665	1.1073817999023086	180	180	0	0	83.25147750310242	80.99512520032924	151.8620129521242	315.98382669775526	659.2725351499396	1901.0731264458109	2015.3006228265062	4588.570872110451	0	0	0	0	0	0	0	0	0.2631057013696668	0.2558254426510197	0.479775581757813	0.14345070548868727	0.41374414147631355	0.43905180746240513	0.010868787587454118	0.2167022980958387	0	0
298.3711908555247	266.2385892010864	562.7969171450735	-0	-0	-0	0.6559235542403059	1.3200824044049144	2.9538514750127804	4.732306287643736	0.13860547360447728	0.27895117605800607	0.6241885658849726	0	0	0	0	0	0	0	0	0	0	0	0	0	0	0	0.023716383806605394	0.20485489941042884	0	0	0	0.9244666125656893	0.11260556850905903	0.03021650212000858	0.014726081625834251	0.013391745230752976	0	0.9661141833382081	0.1193776430747746	4.797058233124397e-4	2.2803372989418352e-4	2.3454391405768697e-4	0.9841087544275824	0.9290619030420735	0.9993097183669813	0.999977285495709	0.3768421631171387	0.271969386655723	0.13098321665908352	2.891810429361986	3.399789464752429	1.3080724080885697	0.4264616021901304	0.15834004374568783	0.12316128232496035	3.0094415315446295	4.38016086532118	1.8874292807339543	-0.06599548569652175	-0.06328039411735603	-0.004095856349563942	-0.09573852880503952	-0.3373158567847707	0.11402872158505706	0.02602609353055374	6.89358279403196e-5	0.025535960662276036	0.08459402110592085	0.07282124148938007	0.16215442614650977	4.732306287643736	600	1.3934991666666665	1.1073817999023086	180	180	0	0	88.92220884410878	87.27214037961248	157.59175049862327	319.2077193338164	732.3604966946275	2011.8713644091204	2109.0875191076148	4619.490428781697	0	0	0	0	0	0	0	0	0.2797467433113134	0.27500790390666746	0.49781406874117884	0.15914160398852212	0.4382374741582912	0.4603486964306528	0.02145891206290402	0.244124423396849	0	0
304.1017148227235	270.99003384638314	568.6532511740526	-0	-0	-0	1.2619566727740947	1.5152292482789573	3.0987948539931414	4.732306287643742	0.2666684267814874	0.3201883302091613	0.6548170523290598	0	0	0	0	0	0	0	0	0	0	0	0	0	0	0	0.024247388653889753	0.20994590425774445	0	0	0	0.9631982965772347	0.20513193025128013	0.05425165109302188	0.03343607425179421	0.03156016373119889	0	0.995444719625814	0.23507400439759038	0.0016914034898308536	8.351440628739288e-4	8.500275844830883e-4	0.9983615467024926	0.9892955307883934	0.9999291593595835	0.9999972923434922	0.46507973485428233	0.30895713893496307	0.14564809180476293	3.590420132797552	3.851885439097131	1.4562388012979273	0.5502059192315448	0.19960265114778092	0.13981152846017658	3.719557976206064	4.848437594532709	2.091112980617645	0.009302411891076728	-0.027686669948619187	0.024831904269547445	0.6073984411345644	0.01106706121228307	0.3970371592349526	0.08053735917804636	0.02957762482797951	0.036900545885164386	0.5504992861575695	0.3136588430689866	0.3010728594324792	4.732306287643742	600	1.3934991666666665	1.1073817999023086	180	180	0	0	149.5171763226072	101.26529378607609	167.6010947921191	325.66493352507	1355.375792035646	2311.964420733279	2310.7173727740114	4676.701397945696	0	0	0	0	0	0	0	0	0.47205972706987953	0.3213959922636736	0.5328760637383805	0.2971669848806563	0.502916033908362	0.5064146344002279	0.04293277257713336	0.2878684529843427	0	0
304.1017148227235	270.99003384638314	568.6532511740526	-0	-0	-0	1.2619566727740947	1.5152292482789573	3.0987948539931414	4.732306287643742	0.2666684267814874	0.3201883302091613	0.6548170523290598	0	0	0	0	0	0	0	0	0	0	0	0	0	0	0	0.024247388653889753	0.20994590425774445	0	0	0	0.9631982965772347	0.20513193025128013	0.05425165109302188	0.03343607425179421	0.03156016373119889	0	0.995444719625814	0.23507400439759038	0.0016914034898308536	8.351440628739288e-4	8.500275844830883e-4	0.9983615467024926	0.9892955307883934	0.9999291593595835	0.9999972923434922	0.46507973485428233	0.30895713893496307	0.14564809180476293	3.590420132797552	3.851885439097131	1.4562388012979273	0.5502059192315448	0.19960265114778092	0.13981152846017658	3.719557976206064	4.848437594532709	2.091112980617645	0.009302411891076728	-0.027686669948619187	0.024831904269547445	0.6073984411345644	0.01106706121228307	0.3970371592349526	0.08053735917804636	0.02957762482797951	0.036900545885164386	0.5504992861575695	0.3136588430689866	0.3010728594324792	4.732306287643742	600	1.3934991666666665	1.1073817999023086	180	180	0	0	149.5171763226072	101.26529378607609	167.6010947921191	325.66493352507	1355.375792035646	2311.964420733279	2310.7173727740114	4676.701397945696	0	0	0	0	0	0	0	0	0.47205972706987953	0.3213959922636736	0.5328760637383805	0.2971669848806563	0.502916033908362	0.5064146344002279	0.04293277257713336	0.2878684529843427	0	0
369.7922160837461	681.2498485586295	1053.8873907620914	-0	-0	-0	0.23127344830237828	0.8704568782935537	0.23447114453359522	1.6286387680233578	0.1420041404166434	0.5344689659758038	0.14396755691758883	0	0	0	0	0	0	0	0	0	0	0	0	0	0	0	0.02966300119462281	0.4758308296246057	0	0	0	0.4244092231699322	0.002155698045382273	0.040798160051130725	0.0037091701267252452	0.0021855687817363798	0	0.7617578123522983	0.004052486084136168	5.439010756648087e-5	8.416047550967257e-6	6.283955369203094e-6	0.9501929082641796	0.7995488025597912	0.9705074336029678	0.9998585143886023	0.01475002741897106	0.09182850878013751	0.08947979788264669	0.03972742053997678	2.058878348709399	0.4786485258527621	0.008526474325349838	0.026759902674835977	0.05289942040699117	0.02110332297932227	2.2137593182114523	0.003748485193244146	0.012331334004261578	-0.02779210021500337	-0.03922629077833958	-1.2923190048190278	0.0547371278476686	-3.3247555727846443	-0.05343878292859705	-0.02343757087621781	-0.00107349852622916	-1.9293889101347512	0.07437600095990607	-0.5598494503174083	1.6286387680233578	600	1.272028611111111	1.1883067129083205	180	180	0	0	31.446265481030522	31.59796524281853	9.471811336053209	84.5901364580259	157.8637224366704	1180.6709084182505	4.458147939553741	1668.911754415596	0	0	0	0	0	0	0	0	0.36366406649026933	0.3532669078735222	0.10164815702267005	0.08949764929807509	0.6164605065620311	0.0024690837544274883	-0.031040650287899586	0.17123680219470971	0	0
369.7922160837461	681.2498485586295	1053.8873907620914	-0	-0	-0	0.23127344830237828	0.8704568782935537	0.23447114453359522	1.6286387680233578	0.1420041404166434	0.5344689659758038	0.14396755691758883	0	0	0	0	0	0	0	0	0	0	0	0	0	0	0	0.02966300119462281	0.4758308296246057	0	0	0	0.4244092231699322	0.002155698045382273	0.040798160051130725	0.0037091701267252452	0.0021855687817363798	0	0.7617578123522983	0.004052486084136168	5.439010756648087e-5	8.416047550967257e-6	6.283955369203094e-6	0.9501929082641796	0.7995488025597912	0.9705074336029678	0.9998585143886023	0.01475002741897106	0.09182850878013751	0.08947979788264669	0.03972742053997678	2.058878348709399	0.4786485258527621	0.008526474325349838	0.026759902674835977	0.05289942040699117	0.02110332297932227	2.2137593182114523	0.003748485193244146	0.012331334004261578	-0.02779210021500337	-0.03922629077833958	-1.2923190048190278	0.0547371278476686	-3.3247555727846443	-0.05343878292859705	-0.02343757087621781	-0.00107349852622916	-1.9293889101347512	0.07437600095990607	-0.5598494503174083	1.6286387680233578	600	1.272028611111111	1.1883067129083205	180	180	0	0	31.446265481030522	31.59796524281853	9.471811336053209	84.5901364580259	157.8637224366704	1180.6709084182505	4.458147939553741	1668.911754415596	0	0	0	0	0	0	0	0	0.36366406649026933	0.3532669078735222	0.10164815702267005	0.08949764929807509	0.6164605065620311	0.0024690837544274883	-0.031040650287899586	0.17123680219470971	0	0
372.1511379653623	684.9718443189386	1058.5872275802365	-0	-0	-0	0.2867497618485716	1.011222960785208	0.24798165417109422	1.6286387680233605	0.17606713500784005	0.6209007059389251	0.15226314087565507	0	0	0	0	0	0	0	0	0	0	0	0	0	0	0	0.029839197997790477	0.4775659103840735	0	0	0	0.5182549420734445	0.02244400887604231	0.12589725103566074	0.033591979462279466	0.01747463677462443	0	0.8689862220699804	0.043292171647558185	1.8113657437386258e-4	6.27184578205567e-5	5.7002326233113055e-5	0.9769728269775874	0.9018174107203578	0.9868627379577979	0.999939357128701	0.08156174663818579	0.1156906881099976	0.1070986838491562	0.39097708211039717	2.396271462839945	0.6449361382933492	0.05926953768761552	0.0401865751979507	0.06841120366082368	0.20966506351257902	2.5145421149206166	0.060568085601219346	0.11002810255652495	-0.013822664314917466	-0.023400207564226283	0.8663759276925984	0.32254803392600917	-2.169133213440671	-0.006808104495921452	-0.013687969558356772	0.009691228614768121	-1.2170143707682173	0.22290854993106923	0.05307757725793705	1.6286387680233605	600	1.272028611111111	1.1883067129083205	180	180	0	0	36.048741349946354	38.51340865731329	10.233140713214823	88.12018157370755	254.85742947751484	1385.8603137940868	9.130306408542236	1753.4638712769581	0	0	0	0	0	0	0	0	0.40414532062348735	0.4291397522439511	0.11274155911959031	0.14303468482793522	0.7778381453435211	0.005033095678363022	-0.014109770624539232	0.19332848516873127	0	0
373.7462054287157	687.2502227781417	1061.2501956761114	-0	-0	-0	0.32138611008448564	1.0528226885371375	0.25576357598461996	1.6286387680233623	0.19733418876829484	0.6464433422611706	0.1570413163472916	0	0	0	0	0	0	0	0	0	0	0	0	0	0	0	0.029957752350397257	0.47862491724780054	0	0	0	0.5741851201311702	0.050104943613571165	0.19818898160543724	0.07761640996661229	0.03953033643590782	0	0.9171555703414156	0.08223393599081749	2.804967060159219e-4	1.235395303614597e-4	1.1396795703041629e-4	0.9873187838180413	0.9453558958434716	0.9933667782924199	0.9999676016970986	0.1427956222267287	0.12575529004600366	0.1167514902666994	0.925784943180614	2.524531443624974	0.7504488769668389	0.1017933623003393	0.04752216270094749	0.07588758523564709	0.4906192459892361	2.685508886660214	0.14988043819256147	0.1765787358104991	-0.007140981614664255	-0.015273898487485171	1.5730015134773114	0.4635347862294785	-1.5818504042049482	0.018349798075799173	-0.00819976620570817	0.015901290285854186	-0.9341438085068272	0.30743935032497793	0.31832476976761725	1.6286387680233623	600	1.272028611111111	1.1883067129083205	180	180	0	0	38.54534105755215	41.22626809501174	10.692573327317916	90.09924082418823	308.301443387129	1456.631492464581	13.253828797740422	1790.499642932993	0	0	0	0	0	0	0	0	0.42419086430624775	0.4568777584885152	0.11863720968476019	0.17391034269304445	0.8182803784952071	0.0073622532992722	-0.00539449684981576	0.2021621459719554	0	0
375.7051873214242	689.5555224030965	1064.1575190853544	-0	-0	-0	0.36270804492693653	1.0885199615600998	0.2605770855900128	1.6286387680233638	0.22270625754976087	0.668361814130956	0.15999685793201926	0	0	0	0	0	0	0	0	0	0	0	0	0	0	0	0.03010271602501071	0.47969405773071505	0	0	0	0.6425258310105985	0.0827212174928621	0.27543956632470257	0.13704522067810507	0.07484157399862128	0	0.9559449952207183	0.13038305293465952	3.742307163576196e-4	2.0092689855041157e-4	1.8725203150622344e-4	0.9948798560856267	0.9758389556983613	0.997680574986326	0.9999853078180964	0.2079441753886299	0.13532198319232833	0.12691560574042227	2.063379181178851	2.6439587029054676	0.8623872389176118	0.15469141317812038	0.05472607199810406	0.0854269420760133	0.9170834204758573	2.8617827926784782	0.2787066731266545	0.23062374968480837	0.0010928251573623093	-0.007400273468040508	2.0009206227610403	0.6101379293778939	-1.1227043795694187	0.049490087330889554	-0.002429181125295443	0.02235054924280533	-0.6176288470138313	0.4096901163893183	0.6636641982230764	1.6286387680233638	600	1.272028611111111	1.1883067129083205	180	180	0	0	41.271109900537994	43.15322082534562	11.126447435101966	92.0677807304094	381.2386417424376	1514.4851960898359	16.883019592646797	1834.3032527931082	0	0	0	0	0	0	0	0	0.45336375753915636	0.4768825364110548	0.12418726719726506	0.2141585744901392	0.8487931625704892	0.00930155780388605	0.004262969102675598	0.21361338449630235	0	0
379.88021693858946	695.0333841181379	1071.343555100169	-0	-0	-0	0.506275495017459	1.1438467459403592	0.2678521032119725	1.6286387680233663	0.3108580643895098	0.7023329963639627	0.16446378931348787	0	0	0	0	0	0	0	0	0	0	0	0	0	0	0	0.030409360363009633	0.4822250452106555	0	0	0	0.8115959049132305	0.1642470204484169	0.38835838612532986	0.27003587164487364	0.15267999443825706	0	0.9953717691297965	0.23752025813959368	5.510404442629191e-4	3.905917600429066e-4	3.8182045040597304e-4	0.9996255859021664	0.9965389226833782	0.9998123525864783	0.9999979211450332	0.371044041515462	0.15387032734090225	0.14379695569067852	7.182980957692481	2.8367259852569853	1.112528901598892	0.2703745331953357	0.06870190833920432	0.10172700964025277	2.032230775606224	3.186719463350733	0.6354907519851848	0.3063830949872111	0.016444404354640927	0.005503493902435039	2.6368889888242384	0.9185777288370676	-0.5945977540928399	0.1077515794292567	0.008949721261949857	0.032803144646248415	0.09172484507923097	0.6241168607694129	1.3306500429604011	1.6286387680233663	600	1.272028611111111	1.1883067129083205	180	180	0	0	47.671982098610926	46.58595322009096	11.995919827571933	96.01644709895555	726.0712932465361	1613.5475630686306	23.168364025218352	1968.509545063701	0	0	0	0	0	0	0	0	0.5240550271782725	0.5173773648433646	0.13707765631707608	0.3769200312429011	0.9006114143190462	0.013025527320299653	0.023684274972941982	0.24776405675357155	0	0
379.88021693858946	695.0333841181379	1071.343555100169	-0	-0	-0	0.506275495017459	1.1438467459403592	0.2678521032119725	1.6286387680233663	0.3108580643895098	0.7023329963639627	0.16446378931348787	0	0	0	0	0	0	0	0	0	0	0	0	0	0	0	0.030409360363009633	0.4822250452106555	0	0	0	0.8115959049132305	0.1642470204484169	0.38835838612532986	0.27003587164487364	0.15267999443825706	0	0.9953717691297965	0.23752025813959368	5.510404442629191e-4	3.905917600429066e-4	3.8182045040597304e-4	0.9996255859021664	0.9965389226833782	0.9998123525864783	0.9999979211450332	0.371044041515462	0.15387032734090225	0.14379695569067852	7.182980957692481	2.8367259852569853	1.112528901598892	0.2703745331953357	0.06870190833920432	0.10172700964025277	2.032230775606224	3.186719463350733	0.6354907519851848	0.3063830949872111	0.016444404354640927	0.005503493902435039	2.6368889888242384	0.9185777288370676	-0.5945977540928399	0.1077515794292567	0.008949721261949857	0.032803144646248415	0.09172484507923097	0.6241168607694129	1.3306500429604011	1.6286387680233663	600	1.272028611111111	1.1883067129083205	180	180	0	0	47.671982098610926	46.58595322009096	11.995919827571933	96.01644709895555	726.0712932465361	1613.5475630686306	23.168364025218352	1968.509545063701	0	0	0	0	0	0	0	0	0.5240550271782725	0.5173773648433646	0.13707765631707608	0.3769200312429011	0.9006114143190462	0.013025527320299653	0.023684274972941982	0.24776405675357155	0	0
305.30863820605066	443.1334139383285	752.8057147471051	-0	-0	-0	0.41076250772213585	0.8038536502282396	0.22064685291194402	1.5666053057127176	0.26219910415486586	0.5131181716906863	0.14084393312555624	0	0	0	0	0	0	0	0	0	0	0	0	0	0	0	0.02435774949438143	0.3472541602418821	0	0	0	0.6603990576829086	0.002416652733992374	0.011199374811105159	0.0014549076894111214	0.0010998166803007532	0	0.7687118657669468	0.002250308930379934	2.212600499865982e-5	3.3976627957431494e-6	5.616091128321641e-6	0.9521232049252211	0.7606806630289138	0.9919114180558181	0.9998876820756059	0.11150993110063083	0.08319797437951738	0.025366670062879352	2.502197380472359	1.063631696018254	1.913082187632466	0.10241705693520375	0.03419174883886027	8.503249321623011e-4	0.1789174841976464	2.780136824751576	0.16987923418716092	-0.13514716907457466	-0.015651805306922773	-0.03708783818358315	-1.8732844984443302	0.37892491513410304	-0.5165241591619139	-0.038170810515213316	-0.008736894429991326	-0.019190306053559706	-1.7181910090811505	0.6991721007796385	-0.8784206249512274	1.5666053057127176	600	1.1510975	1.0178857563113495	180	180	0	0	39.25856979425253	29.435883972917686	1.6768737526351651	75.46703490538339	398.58912536502675	1027.893934769776	117.24102378912607	1672.7350194520238	0	0	0	0	0	0	0	0	0.5046295577340294	0.36654898480536896	0.020553941244107088	0.23279325080682586	0.5928595175333131	0.06711817541109825	-0.01635145359808526	0.12197773667753027	0	0
305.30863820605066	443.1334139383285	752.8057147471051	-0	-0	-0	0.41076250772213585	0.8038536502282396	0.22064685291194402	1.5666053057127176	0.26219910415486586	0.5131181716906863	0.14084393312555624	0	0	0	0	0	0	0	0	0	0	0	0	0	0	0	0.02435774949438143	0.3472541602418821	0	0	0	0.6603990576829086	0.002416652733992374	0.011199374811105159	0.0014549076894111214	0.0010998166803007532	0	0.7687118657669468	0.002250308930379934	2.212600499865982e-5	3.3976627957431494e-6	5.616091128321641e-6	0.9521232049252211	0.7606806630289138	0.9919114180558181	0.9998876820756059	0.11150993110063083	0.08319797437951738	0.025366670062879352	2.502197380472359	1.063631696018254	1.913082187632466	0.10241705693520375	0.03419174883886027	8.503249321623011e-4	0.1789174841976464	2.780136824751576	0.16987923418716092	-0.13514716907457466	-0.015651805306922773	-0.03708783818358315	-1.8732844984443302	0.37892491513410304	-0.5165241591619139	-0.038170810515213316	-0.008736894429991326	-0.019190306053559706	-1.7181910090811505	0.6991721007796385	-0.8784206249512274	1.5666053057127176	600	1.1510975	1.0178857563113495	180	180	0	0	39.25856979425253	29.435883972917686	1.6768737526351651	75.46703490538339	398.58912536502675	1027.893934769776	117.24102378912607	1672.7350194520238	0	0	0	0	0	0	0	0	0.5046295577340294	0.36654898480536896	0.020553941244107088	0.23279325080682586	0.5928595175333131	0.06711817541109825	-0.01635145359808526	0.12197773667753027	0	0
308.3352956600678	446.402541629624	756.638234731214	-0	-0	-0	0.4488391260181344	0.8461220855817242	0.22930620171759628	1.56660530571272	0.28650428054942456	0.5400990807935394	0.1463713935357025	0	0	0	0	0	0	0	0	0	0	0	0	0	0	0	0.02463233182950176	0.3493399455611705	0	0	0	0.7572084052309811	0.03130095676835987	0.051646867508512224	0.011070715091314225	0.009726695221098276	0	0.8822128691273972	0.03091651710246949	1.0665750151241026e-4	3.8497580364765646e-5	3.8570870815747147e-5	0.9741611888684616	0.8789883233421397	0.9960381801351281	0.9999539205616772	0.22724270002036817	0.10030627894090821	0.042802049019625796	3.8055205924273667	1.350790817957802	2.1163058257452136	0.16835596601701366	0.046964894519894766	0.006297302630825059	0.7111492862932363	2.9682414339635974	0.3468838458266478	-0.06709966101577985	-0.003575526230694459	-0.021647215106002038	-1.0570003922994933	0.5698204947010614	-0.3521175036751638	-0.0036697121564204793	0.0016830136775838334	-0.010164726957753334	-1.230132041378599	0.8316493569296417	-0.7619008277404958	1.56660530571272	600	1.1510975	1.0178857563113495	180	180	0	0	42.42009840013871	32.14024791458593	2.3703553495372423	78.92709945904014	459.0184229149527	1083.0855938543693	125.72815919602493	1712.7736165265576	0	0	0	0	0	0	0	0	0.5336135265619422	0.3976848937455082	0.029445932042155374	0.2664082022930016	0.6239768084180315	0.07244931230575886	-0.005534117217907353	0.14650129997177533	0	0
310.43071304622976	448.42200327157013	759.0146017460968	-0	-0	-0	0.4679812544079329	0.8648194835884322	0.2343119709931175	1.5666053057127212	0.29872313894342784	0.5520340576115852	0.14956669056250793	0	0	0	0	0	0	0	0	0	0	0	0	0	0	0	0.024820651432121234	0.3506222127511268	0	0	0	0.8003541773613089	0.06499432794966023	0.07741886977303364	0.022168731021226375	0.021868722888554917	0	0.9301268866360164	0.06952669382497889	1.62069958329948e-4	7.111775089333994e-5	7.528692804273714e-5	0.9849761303973106	0.9305715326337105	0.9978036311550277	0.9999754522796698	0.26799901570610757	0.1090695833978895	0.052702773345171955	4.4385367471623525	1.4790334930638878	2.20851593118537	0.1930544691166618	0.05281692567963009	0.011797911218017562	1.005913872619535	3.0530637839625308	0.45020054550442934	-0.036157267445115604	0.003351095759534628	-0.013485284365500227	-0.678200329656043	0.6516676167606494	-0.2598458745047323	0.012395509399649063	0.006659161223606658	-0.00522997156774474	-0.9757061087412053	0.9026435913408548	-0.7000148161078608	1.5666053057127212	600	1.1510975	1.0178857563113495	180	180	0	0	44.359761860971076	33.39893825119128	2.7416896987314203	80.60869676653988	493.3460641669056	1110.0429591744953	130.7972434166153	1732.4914904253965	0	0	0	0	0	0	0	0	0.549615158513944	0.41606377507011105	0.034036744246956074	0.28414876770954683	0.6402108100779181	0.07548735668438211	7.457632368652413e-4	0.16246112635460744	0	0
312.41747490667166	450.6931606869141	761.6611635670995	-0	-0	-0	0.4855611531494012	0.8851377516264243	0.2400327767363979	1.5666053057127225	0.30994479041962475	0.5650036728451742	0.1532184117218956	0	0	0	0	0	0	0	0	0	0	0	0	0	0	0	0.024997895712197286	0.3520587157921875	0	0	0	0.8425043104513096	0.10825319309615274	0.09647260193269785	0.03745136934080311	0.04081524592344263	0	0.968728181862175	0.11742817391404908	2.2247202856366937e-4	1.158878208432046e-4	1.1900163518826296e-4	0.9933249400966838	0.969108962649951	0.9989993968760821	0.9999898501266204	0.3135558463456804	0.11746233135462174	0.061395202466446905	5.14446666841124	1.604323842280045	2.2953257814936263	0.21957333064800774	0.059131846592237906	0.01881636022363127	1.3169623594697717	3.1589415250629065	0.5441433979704402	-0.004351416614820358	0.011225509751592977	-0.006646122116601816	-0.16754462188595176	0.7517143961796482	-0.17518706856328492	0.029218030165360065	0.012383436021021432	6.923963646487952e-5	-0.6996381682032149	0.9719642124093646	-0.6240005738515662	1.5666053057127225	600	1.1510975	1.0178857563113495	180	180	0	0	46.08882585810416	34.758935384275816	3.0878921236094996	82.267636157593	525.2467604587497	1138.190997268435	136.4046706906247	1753.7943073770955	0	0	0	0	0	0	0	0	0.5674040862294636	0.4318956405985217	0.03845683026797317	0.3008504153716077	0.657250842455843	0.07903130281368428	0.007084340963608576	0.17944893351989366	0	0
317.35194433749416	455.77857171274076	768.1026682175748	-0	-0	-0	0.5248350236650607	0.922039135718892	0.25205905262607725	1.566605305712725	0.33501420029104806	0.5885586703661861	0.16089505870236034	0	0	0	0	0	0	0	0	0	0	0	0	0	0	0	0.025432769331908356	0.3552541652096797	0	0	0	0.8874627484141553	0.20146606797039543	0.13439337007761976	0.07871686966100591	0.08792277761182857	0	0.9974083538008025	0.2309731001106314	3.5407610748677354e-4	2.4016369076177989e-4	2.364589762149542e-4	0.999167469112327	0.9969830393009007	0.9998783435288059	0.9999990106492234	0.4133888467563781	0.1365972295297853	0.07783097286762257	6.2713909763463915	1.8211233748148223	2.466974214765124	0.2763387761448535	0.07052317997274556	0.035372641162996536	1.9072213061365726	3.310269326528335	0.7424537319797544	0.07193659598750929	0.023460755658332184	0.006873037878665696	0.6988638305768498	0.9288857047859383	-0.01627172019788801	0.065248034864067	0.02192055727296128	0.011221588292023955	-0.25230591767001304	1.0946290050128995	-0.5022329878080793	1.566605305712725	600	1.1510975	1.0178857563113495	180	180	0	0	49.571720613208385	37.89518002186015	3.7534604398501186	85.32469290172646	577.3309851222964	1192.1742979004487	148.27124031971576	1795.163661746037	0	0	0	0	0	0	0	0	0.5966865009647121	0.46364015088463645	0.04774975537435493	0.33111741228291713	0.6880805431338994	0.08596612025673782	0.023125990461099574	0.213328748569738	0	0
317.35194433749416	455.77857171274076	768.1026682175748	-0	-0	-0	0.5248350236650607	0.922039135718892	0.25205905262607725	1.566605305712725	0.33501420029104806	0.5885586703661861	0.16089505870236034	0	0	0	0	0	0	0	0	0	0	0	0	0	0	0	0.025432769331908356	0.3552541652096797	0	0	0	0.8874627484141553	0.20146606797039543	0.13439337007761976	0.07871686966100591	0.08792277761182857	0	0.9974083538008025	0.2309731001106314	3.5407610748677354e-4	2.4016369076177989e-4	2.364589762149542e-4	0.999167469112327	0.9969830393009007	0.9998783435288059	0.9999990106492234	0.4133888467563781	0.1365972295297853	0.07783097286762257	6.2713909763463915	1.8211233748148223	2.466974214765124	0.2763387761448535	0.07052317997274556	0.035372641162996536	1.9072213061365726	3.310269326528335	0.7424537319797544	0.07193659598750929	0.023460755658332184	0.006873037878665696	0.6988638305768498	0.9288857047859383	-0.01627172019788801	0.065248034864067	0.02192055727296128	0.011221588292023955	-0.25230591767001304	1.0946290050128995	-0.5022329878080793	1.566605305712725	600	1.1510975	1.0178857563113495	180	180	0	0	49.571720613208385	37.89518002186015	3.7534604398501186	85.32469290172646	577.3309851222964	1192.1742979004487	148.27124031971576	1795.163661746037	0	0	0	0	0	0	0	0	0.5966865009647121	0.46364015088463645	0.04774975537435493	0.33111741228291713	0.6880805431338994	0.08596612025673782	0.023125990461099574	0.213328748569738	0	0
243.97647373267017	228.39182143288406	474.0596757138373	-0	-0	-0	1.2809901581560388	5.344422053862463	18.044607143121702	26.38902267384551	0.048542538842320994	0.20252444055684474	0.6837921724553248	0	0	0	0	0	0	0	0	0	0	0	0	0	0	0	0.017908449476584983	0.15857094153945778	0	0	0	0.44846211872720704	0.0017023133175852198	0.03717517870880334	0.0024578971998194137	0.0031283226190607087	0	0.7717520522569117	0.0033406627241549963	9.02260047974819e-6	1.5520858943652194e-6	1.3529168217492688e-6	0.960887359872916	0.7479619310259342	0.9768122327272822	0.9998620936051088	0.2915225424455567	0.11837330274415192	0.06039534357234623	0.5100443964033488	2.1265832958334854	0.7735735638579575	0.10561284540885899	0.004525873565162567	0.06092005628112151	2.8239598142466997	1.8713306890932502	0.8297804388542929	-0.3695519238046209	-0.0823492195202932	-0.022442268625821892	-2.3264856900878415	-0.9606128626706205	-0.05825685714496928	-0.12359611314910679	-0.07245388239057055	-0.005496747658081413	-0.0705026117346755	-0.37341035936044986	-0.18516707912011995	26.38902267384551	600	1.2451402777777778	1.01481143116552	180	180	0	0	244.13317803382424	248.70154821722008	613.973145762566	1280.236605603525	1374.3077774938904	6175.8847960716785	8738.553121013438	18229.793434102754	0	0	0	0	0	0	0	0	0.18473652797174597	0.18760237175033664	0.46326829919755713	0.07354498881967737	0.33221066583094133	0.4662091022512921	0.10047122685420277	0.18804622185640504	0	0
243.97647373267017	228.39182143288406	474.0596757138373	-0	-0	-0	1.2809901581560388	5.344422053862463	18.044607143121702	26.38902267384551	0.048542538842320994	0.20252444055684474	0.6837921724553248	0	0	0	0	0	0	0	0	0	0	0	0	0	0	0	0.017908449476584983	0.15857094153945778	0	0	0	0.44846211872720704	0.0017023133175852198	0.03717517870880334	0.0024578971998194137	0.0031283226190607087	0	0.7717520522569117	0.0033406627241549963	9.02260047974819e-6	1.5520858943652194e-6	1.3529168217492688e-6	0.960887359872916	0.7479619310259342	0.9768122327272822	0.9998620936051088	0.2915225424455567	0.11837330274415192	0.06039534357234623	0.5100443964033488	2.1265832958334854	0.7735735638579575	0.10561284540885899	0.004525873565162567	0.06092005628112151	2.8239598142466997	1.8713306890932502	0.8297804388542929	-0.3695519238046209	-0.0823492195202932	-0.022442268625821892	-2.3264856900878415	-0.9606128626706205	-0.05825685714496928	-0.12359611314910679	-0.07245388239057055	-0.005496747658081413	-0.0705026117346755	-0.37341035936044986	-0.18516707912011995	26.38902267384551	600	1.2451402777777778	1.01481143116552	180	180	0	0	244.13317803382424	248.70154821722008	613.973145762566	1280.236605603525	1374.3077774938904	6175.8847960716785	8738.553121013438	18229.793434102754	0	0	0	0	0	0	0	0	0.18473652797174597	0.18760237175033664	0.46326829919755713	0.07354498881967737	0.33221066583094133	0.4662091022512921	0.10047122685420277	0.18804622185640504	0	0
246.50514971360084	230.77389825387874	478.3689770696759	-0	-0	-0	1.520345261780927	5.685836470221075	18.705997710806777	26.389022673845563	0.05761279152212623	0.21546218442778312	0.7088552669040848	0	0	0	0	0	0	0	0	0	0	0	0	0	0	0	0.01821952583495086	0.16187478010929168	0	0	0	0.5519622912340408	0.020492029487146297	0.13738169639088593	0.031134508616302375	0.03377697178954436	0	0.8773462105837331	0.03462829717214742	4.894617514520819e-5	1.618359665381572e-5	1.6403094717702498e-5	0.9847855331872113	0.8425979974193791	0.9919511709590001	0.9999691137489034	0.45732230611747543	0.16938315229990447	0.07491705124942499	1.6599524097039655	2.6766171287987874	0.9221194754931709	0.35909886845189604	0.026646107112804403	0.07632527570892263	3.597187619987912	2.309748327075628	0.9787537909544729	-0.22846022729238996	-0.040464362561660916	-0.010673367272434342	-1.562221240397001	-0.5587455330998253	0.05527137664749038	-0.05181616377766862	-0.04351457195549846	0.0027303158045817177	0.4623642195465729	-0.06937438238351823	-0.0926775551515363	26.389022673845563	600	1.2451402777777778	1.01481143116552	180	180	0	0	282.3295266259569	292.6735068325495	690.0910959244471	1312.3841694121113	1701.6563839195505	6703.878846056393	9531.080455819027	18517.336168419097	0	0	0	0	0	0	0	0	0.2129460217504082	0.22137069308843044	0.5197383376750245	0.09153190294258433	0.359943367567545	0.5109756047354294	0.16132756209971846	0.23003259244629598	0	0
248.24978299109495	232.22345936476592	480.89247360842086	-0	-0	-0	1.6496117882746426	5.889345547534796	18.8637174375198	26.389022673845588	0.06251128769196848	0.2231740682602767	0.7148319841422468	0	0	0	0	0	0	0	0	0	0	0	0	0	0	0	0.018431089180733412	0.16385266045427177	0	0	0	0.6127763065743626	0.04413939980063773	0.18558537341072318	0.059016062069364425	0.06876226235376326	0	0.9296755401997578	0.06984568864435317	8.320941377028664e-5	3.381962504503733e-5	3.527980150915181e-5	0.9918862265120603	0.8979829007106468	0.9961154542998194	0.9999822332485238	0.5452731431267792	0.19861977412875365	0.08193831366714978	2.330542551988965	2.9423551377926005	0.9897547350436041	0.44384371871526873	0.047972579863183554	0.08360839405410886	3.9786914743184107	2.5509773592556373	1.050949877089656	-0.15535765784441602	-0.02002137116891345	-0.003918687351807337	-1.1026054704502792	-0.3650041736372369	0.11768209111348726	-0.017125916034593902	-0.028815126450797868	0.007298460146989871	0.717382562021128	0.08330126569756491	-0.04658342106344926	26.389022673845588	600	1.2451402777777778	1.01481143116552	180	180	0	0	297.8543620292171	317.59507991188667	715.3827264503462	1330.0870872155238	1879.4219888603045	6978.523176720404	9792.531506820775	18661.678330680912	0	0	0	0	0	0	0	0	0.22469589648324564	0.23884616522574137	0.5380446004796182	0.10098848166598715	0.37394130274298776	0.5248372456232284	0.18257561960904384	0.2601859461604761	0	0
250.5146234448033	233.97902922463385	483.240171233883	-0	-0	-0	1.8086271949604882	6.0507929434022785	18.99922942695359	26.389022673845616	0.06853710413281172	0.2292920438239376	0.7199671492868092	0	0	0	0	0	0	0	0	0	0	0	0	0	0	0	0.018702165791319503	0.16621656815290559	0	0	0	0.666179016141403	0.07419346844772562	0.23135828901298156	0.1048137430692008	0.11916708624661308	0	0.9652267890098017	0.12250358533592896	1.2570330195559054e-4	6.414116444382033e-5	5.9129906971042366e-5	0.9966246048642434	0.948397026877137	0.9982836948907321	0.9999910399685398	0.6319487936054695	0.22772949261292455	0.08971633946888824	2.96634207118481	3.2100525711161305	1.0616294877751504	0.5240333713797938	0.07410396885451276	0.09018107215976623	4.364933646007828	2.7728953105263283	1.127331908340695	-0.0866466722974576	0.004448263485365311	0.001788454383555571	-0.6851684218505425	-0.14974672636143527	0.17629886399664718	0.02216170954497343	-0.011941985132111754	0.011577311596161377	0.9888367670886127	0.2386432538560439	-0.0022480291942275077	26.389022673845616	600	1.2451402777777778	1.01481143116552	180	180	0	0	314.67194828160444	343.6158177079356	736.4310919377056	1346.0490747414674	2081.7379783242136	7253.709593803948	10026.273117042583	18802.18982553603	0	0	0	0	0	0	0	0	0.23630555823003058	0.2579339963603432	0.5544040390206496	0.11120182146286871	0.38792115009562866	0.5374006851139866	0.20215960690244197	0.29294546052012516	0	0
255.2568889392256	238.00066552504003	490.3422628331725	-0	-0	-0	2.1291507540584362	6.650520617361786	19.32081322881972	26.389022673845666	0.08068319847891375	0.25201845098845516	0.7321534210499092	0	0	0	0	0	0	0	0	0	0	0	0	0	0	0	0.019257407205099834	0.1715090037346605	0	0	0	0.7499590427885044	0.13718305890733717	0.3286628776268449	0.191050712960385	0.22315578625161975	0	0.9963876944599671	0.22803897591945071	3.32461985940679e-4	1.9146247495429583e-4	2.146804167537292e-4	0.9996835977051315	0.995333371462136	0.9998559564564848	0.9999992033851722	0.8226193801321887	0.2877966153372025	0.10188289571020634	4.141231184896213	3.65562091965406	1.208449242219051	0.6374053137148779	0.13900152146642136	0.1018760621682764	5.117903124902015	3.1779270879742687	1.2479147188974684	0.05614243822731123	0.04610060334030702	0.01366725417912493	0.06814947949805468	0.2692342834833356	0.30162843079958135	0.08423515823571606	0.022607359766119516	0.02024415673995446	1.5435496393079506	0.5334840049478367	0.07373293218522044	26.389022673845666	600	1.2451402777777778	1.01481143116552	180	180	0	0	356.1910616595224	399.92908669526435	776.17037580529	1375.550579451475	2458.207258456364	8017.039783821285	10549.453194625601	19073.80676049788	0	0	0	0	0	0	0	0	0.26846096117720075	0.29915013053562606	0.5840522923240855	0.1317156540547642	0.4280507178480026	0.5647161028871732	0.23273308889440145	0.3502275244149454	0	0
255.2568889392256	238.00066552504003	490.3422628331725	-0	-0	-0	2.1291507540584362	6.650520617361786	19.32081322881972	26.389022673845666	0.08068319847891375	0.25201845098845516	0.7321534210499092	0	0	0	0	0	0	0	0	0	0	0	0	0	0	0	0.019257407205099834	0.1715090037346605	0	0	0	0.7499590427885044	0.13718305890733717	0.3286628776268449	0.191050712960385	0.22315578625161975	0	0.9963876944599671	0.22803897591945071	3.32461985940679e-4	1.9146247495429583e-4	2.146804167537292e-4	0.9996835977051315	0.995333371462136	0.9998559564564848	0.9999992033851722	0.8226193801321887	0.2877966153372025	0.10188289571020634	4.141231184896213	3.65562091965406	1.208449242219051	0.6374053137148779	0.13900152146642136	0.1018760621682764	5.117903124902015	3.1779270879742687	1.2479147188974684	0.05614243822731123	0.04610060334030702	0.01366725417912493	0.06814947949805468	0.2692342834833356	0.30162843079958135	0.08423515823571606	0.022607359766119516	0.02024415673995446	1.5435496393079506	0.5334840049478367	0.07373293218522044	26.389022673845666	600	1.2451402777777778	1.01481143116552	180	180	0	0	356.1910616595224	399.92908669526435	776.17037580529	1375.550579451475	2458.207258456364	8017.039783821285	10549.453194625601	19073.80676049788	0	0	0	0	0	0	0	0	0.26846096117720075	0.29915013053562606	0.5840522923240855	0.1317156540547642	0.4280507178480026	0.5647161028871732	0.23273308889440145	0.3502275244149454	0	0
293.4941755379714	357.6049931648674	652.9442793308122	-0	-0	-0	1.360608123914498	6.726896444701196	3.4290034348962477	14.17100569994521	0.09601351892193186	0.4746943574179193	0.24197318860082728	0	0	0	0	0	0	0	0	0	0	0	0	0	0	0	0.023254918564958232	0.2873548684921118	0	0	0	0.44378712488094635	0.0023714368323691174	0.020972830734239306	0.0018823894908952666	0.00159756826657472	0	0.773572938013589	0.003251685255435364	3.4704706527904485e-5	5.512548319633507e-6	5.182647947045931e-6	0.8999992031978891	0.7816621416478056	0.9505713135700092	0.9998694881389429	0.09340423998631471	0.029683408400359892	0.018971737645233192	0.25613090985550835	0.649310690012099	0.11677333999163511	0.03907232109367188	0.046543550718584514	0.0018437137076614285	0.4394182365047366	1.5278606123139882	0.003986566425205719	-0.14496876781675488	-0.047831442154965216	-0.002474251521460052	-0.6013708340108702	-0.12284352311175299	-0.11576913647627644	-0.06812238271580523	-2.459447116057379e-4	-0.02398565577561258	-0.5894238330299915	0.05924367444602139	-0.28980219611764746	14.17100569994521	600	1.2058613888888887	1.0163106921738616	180	180	0	0	113.1133703596129	150.85935484871482	65.32798181817738	414.10946586449853	1216.6537180320681	4861.769775441367	359.22464065528015	8306.546829083194	0	0	0	0	0	0	0	0	0.25961728640275944	0.34337231747580543	0.14561236551076473	0.14264555088294148	0.561712883420197	0.040803849617192293	-0.02825967743325014	0.1331763130296996	0	0
293.4941755379714	357.6049931648674	652.9442793308122	-0	-0	-0	1.360608123914498	6.726896444701196	3.4290034348962477	14.17100569994521	0.09601351892193186	0.4746943574179193	0.24197318860082728	0	0	0	0	0	0	0	0	0	0	0	0	0	0	0	0.023254918564958232	0.2873548684921118	0	0	0	0.44378712488094635	0.0023714368323691174	0.020972830734239306	0.0018823894908952666	0.00159756826657472	0	0.773572938013589	0.003251685255435364	3.4704706527904485e-5	5.512548319633507e-6	5.182647947045931e-6	0.8999992031978891	0.7816621416478056	0.9505713135700092	0.9998694881389429	0.09340423998631471	0.029683408400359892	0.018971737645233192	0.25613090985550835	0.649310690012099	0.11677333999163511	0.03907232109367188	0.046543550718584514	0.0018437137076614285	0.4394182365047366	1.5278606123139882	0.003986566425205719	-0.14496876781675488	-0.047831442154965216	-0.002474251521460052	-0.6013708340108702	-0.12284352311175299	-0.11576913647627644	-0.06812238271580523	-2.459447116057379e-4	-0.02398565577561258	-0.5894238330299915	0.05924367444602139	-0.28980219611764746	14.17100569994521	600	1.2058613888888887	1.0163106921738616	180	180	0	0	113.1133703596129	150.85935484871482	65.32798181817738	414.10946586449853	1216.6537180320681	4861.769775441367	359.22464065528015	8306.546829083194	0	0	0	0	0	0	0	0	0.25961728640275944	0.34337231747580543	0.14561236551076473	0.14264555088294148	0.561712883420197	0.040803849617192293	-0.02825967743325014	0.1331763130296996	0	0
296.05974004882285	359.542725718971	656.5490786692504	-0	-0	-0	1.867559210621219	7.554766412654878	3.6945624606167953	14.171005699945235	0.13178734453747565	0.5331143443604762	0.2607127919390415	0	0	0	0	0	0	0	0	0	0	0	0	0	0	0	0.023498803084298307	0.28884950222843586	0	0	0	0.5369690186954772	0.028100827922204245	0.09443214606905542	0.016675555277029703	0.018112323271938218	0	0.8834859050298068	0.02956641571518209	1.417079331662227e-4	4.5006723325325494e-5	4.214704358014179e-5	0.9602084378554863	0.8876973504683447	0.9843773213596375	0.9999444112330643	0.14729533591232966	0.045777944237667505	0.03828871064819684	0.8072762956854527	0.8786283090595708	0.3214273375985022	0.11796706224768459	0.06582407122248676	0.00940939423436746	1.4889990132417137	1.7511808293565019	0.036427542722895154	-0.0814550371131802	-0.030072393470976178	0.013234423629966297	0.07186168958038275	0.0715923197634214	0.0236946581036368	-0.009172629039701896	0.010717697218183941	-0.015414122168803113	0.09515401959584802	0.199767923004734	-0.19180341707191362	14.171005699945235	600	1.2058613888888887	1.0163106921738616	180	180	0	0	139.07911661923004	182.38697367461913	78.90668891287807	431.87690600727	1761.6448438959533	5553.150043143358	526.777208197509	8511.952032311568	0	0	0	0	0	0	0	0	0.314693516127564	0.4145116606068538	0.17664219141203474	0.205173455386342	0.640812693543826	0.06051769758199928	-0.020309845501674112	0.15620908923851837	0	0
297.39957479806037	360.95736249044216	658.6261496912914	-0	-0	-0	2.265193494737633	8.065468157631699	3.8273189513127015	14.171005699945248	0.1598470526863442	0.5691528412597329	0.2700809690117822	0	0	0	0	0	0	0	0	0	0	0	0	0	0	0	0.023625168086481345	0.2899357901188903	0	0	0	0.6349436327014084	0.05328117771732858	0.1598663025110224	0.040936663364904875	0.0433431984734262	0	0.929915019386075	0.06954747653652439	2.1522937191317273e-4	9.45057386897795e-5	9.514591974361816e-5	0.9795161402029013	0.9328692124555095	0.9916303573098867	0.999969302738116	0.1857319521171669	0.05645856943296575	0.04775954109160547	1.1326728959487136	1.0152161600056182	0.4287275103405073	0.1629994693371309	0.07562221741591975	0.017500346847659873	2.082027056458762	1.8662583789292382	0.07845827855405017	-0.0512911075353103	-0.021332983140118444	0.02155306677631419	0.47657660051673645	0.16999343800504585	0.10396766571719596	0.016528909046161777	0.016957807970676475	-0.009954142758874074	0.3669412263712051	0.2810582475712713	-0.14505966494196376	14.171005699945248	600	1.2058613888888887	1.0163106921738616	180	180	0	0	155.29369660726448	200.676607765813	84.66254217667529	441.8830635691863	2088.2574391469234	5960.775342141308	610.9725742171745	8647.391076975266	0	0	0	0	0	0	0	0	0.35135286380436026	0.45401975038875303	0.1916868747565526	0.24066637175468458	0.6892220862401344	0.07051175916796808	-0.015300183182491461	0.16810796272700268	0	0
299.04305823892764	362.8211468375945	661.0393113873879	-0	-0	-0	2.833952874741028	8.4369939838556	3.9738489950357216	14.17100569994526	0.19998248076013259	0.5953701637342645	0.28042109919206915	0	0	0	0	0	0	0	0	0	0	0	0	0	0	0	0.02377925436968729	0.2913607917910114	0	0	0	0.7379753892314802	0.08410380687659172	0.2519095393317473	0.07511914733591704	0.08421560894292392	0	0.9698531940550785	0.11605765792523977	3.110607642075254e-4	1.5294073269022873e-4	1.631736623649248e-4	0.9901634006355062	0.9683071401936969	0.9962645454465006	0.9999855278012144	0.2284233119864272	0.06702425505976743	0.056850407376214634	1.4778095936760534	1.1496402645206882	0.5311375327286755	0.19996242609138531	0.08607679926092192	0.026248312269612207	2.6356058336170225	1.9859527412757116	0.14650427200319116	-0.020531600721434118	-0.01291236015359748	0.02841793195176945	0.93559491497729	0.2793491119970024	0.18510473365646307	0.037211505240319465	0.022948818045945507	-0.004492342300161933	0.6219655280133616	0.36573781716229137	-0.09710149269811175	14.17100569994526	600	1.2058613888888887	1.0163106921738616	180	180	0	0	174.59122325106947	218.9723313045456	89.88683689319207	451.2260033826903	2514.202501280577	6269.763415176878	688.1165394988262	8776.38910839589	0	0	0	0	0	0	0	0	0.3926087358030703	0.49563032128709583	0.20531062142344503	0.288773408841337	0.7240514585045976	0.07954892117620896	-0.010363527091696587	0.18100837655826849	0	0
303.23592193021244	366.7980609794413	667.4764565871393	-0	-0	-0	3.641028143184118	9.031759670116195	4.1489154664734045	14.171005699945283	0.256935056006518	0.6373407689865723	0.2927749486749155	0	0	0	0	0	0	0	0	0	0	0	0	0	0	0	0.024167910238826737	0.29437837463046107	0	0	0	0.865449254335643	0.15364472272239607	0.39760905744466624	0.18206722035821005	0.2212037726082283	0	0.9961950814539344	0.2260189880833719	5.347841021539707e-4	3.5621062439786396e-4	3.380192074590899e-4	0.9992850708630282	0.995247611635911	0.9997755791347496	0.9999983509976713	0.36590134464376156	0.08841631879679845	0.07489614804420362	2.500354772297095	1.4109993120890225	0.7014955590710017	0.28867069396745637	0.10550524286063435	0.04439158614555059	3.4477938942873796	2.1692027375695977	0.30707637216899575	0.045778425128968826	0.003814735129825561	0.04202704807522832	1.8051728870563368	0.46716740243023214	0.31604001767719725	0.07974133045579727	0.033197317946331906	0.0043385701185736135	1.090502564348553	0.5043757304858306	-0.005576906643339069	14.171005699945283	600	1.2058613888888887	1.0163106921738616	180	180	0	0	209.03277769202552	248.28006382188875	100.71952720682397	469.3682771760732	3153.0084822974645	6802.372951479446	803.0358527640117	8999.40072909165	0	0	0	0	0	0	0	0	0.46427254252992645	0.5523611744344019	0.23101678853178087	0.36476355661957033	0.7820429803642689	0.09253542075351494	-8.868545493697561e-4	0.20887946503508958	0	0
303.23592193021244	366.7980609794413	667.4764565871393	-0	-0	-0	3.641028143184118	9.031759670116195	4.1489154664734045	14.171005699945283	0.256935056006518	0.6373407689865723	0.2927749486749155	0	0	0	0	0	0	0	0	0	0	0	0	0	0	0	0.024167910238826737	0.29437837463046107	0	0	0	0.865449254335643	0.15364472272239607	0.39760905744466624	0.18206722035821005	0.2212037726082283	0	0.9961950814539344	0.2260189880833719	5.347841021539707e-4	3.5621062439786396e-4	3.380192074590899e-4	0.9992850708630282	0.995247611635911	0.9997755791347496	0.9999983509976713	0.36590134464376156	0.08841631879679845	0.07489614804420362	2.500354772297095	1.4109993120890225	0.7014955590710017	0.28867069396745637	0.10550524286063435	0.04439158614555059	3.4477938942873796	2.1692027375695977	0.30707637216899575	0.045778425128968826	0.003814735129825561	0.04202704807522832	1.8051728870563368	0.46716740243023214	0.31604001767719725	0.07974133045579727	0.033197317946331906	0.0043385701185736135	1.090502564348553	0.5043757304858306	-0.005576906643339069	14.171005699945283	600	1.2058613888888887	1.0163106921738616	180	180	0	0	209.03277769202552	248.28006382188875	100.71952720682397	469.3682771760732	3153.0084822974645	6802.372951479446	803.0358527640117	8999.40072909165	0	0	0	0	0	0	0	0	0.46427254252992645	0.5523611744344019	0.23101678853178087	0.36476355661957033	0.7820429803642689	0.09253542075351494	-8.868545493697561e-4	0.20887946503508958	0	0
